lastfm_artist_info_request	Linkin Park
lastfm_artist_info_request	Dead by Sunrise
lastfm_artist_info_request	All American Rejects
lastfm_artist_info_request	Enrique Iglesias

lastfm_artist_info_request	Amir Derakh
lastfm_artist_info_request	Brad Delson
lastfm_artist_info_request	Brandon Belsky
lastfm_artist_info_request	Chester Bennington
lastfm_artist_info_request	Dave Farrell
lastfm_artist_info_request	Elias Andra
lastfm_artist_info_request	Fu Valcic
lastfm_artist_info_request	Joe Hahn
lastfm_artist_info_request	Julien-K
lastfm_artist_info_request	Mike Shinoda
lastfm_artist_info_request	Orgy
lastfm_artist_info_request	Rob Bourdon
lastfm_artist_info_request	Ryan Shuck

lastfm_artist_info_request	Linkin Park
lastfm_artist_info_request	Jay-Z and Linkin Park
lastfm_artist_info_request	Linkin Park & Jay-Z
lastfm_artist_info_request	Jay-Z & Linkin Park
lastfm_artist_info_request	Busta Rhymes feat Linkin Park
lastfm_artist_info_request	Busta Rhymes Feat. Linkin Park
lastfm_artist_info_request	Britney Spears vs Linkin Park
lastfm_artist_info_request	Jay-Z/ Linkin Park
lastfm_artist_info_request	Jay-Z/Linkin Park
lastfm_artist_info_request	Busta Rhymes Ft. Linkin Park
lastfm_artist_info_request	Busta Rhymes Ft Linkin Park
lastfm_artist_info_request	Busta Rhymes f. Linkin Park
lastfm_artist_info_request	Linkin' Park
lastfm_artist_info_request	Linkin Park & Adema
lastfm_artist_info_request	Busta Rhymes & Linkin Park
lastfm_artist_info_request	Big Jaz/Jay-Z/Linkin Park
lastfm_artist_info_request	Chester Bennington of Linkin Park
lastfm_artist_info_request	Linkin Park - [EMG]
lastfm_artist_info_request	Linkin Park & Paramore
lastfm_artist_info_request	Linkin Park vs Jay Z
lastfm_artist_info_request	Britney Spears vs. Linkin Park
lastfm_artist_info_request	Linkin Park/JayZ
lastfm_artist_info_request	LinkinPark
lastfm_artist_info_request	String Quartet Tribute to Linkin park
lastfm_artist_info_request	Linkin Park feat. Jay-Z
lastfm_artist_info_request	Jay Z & Linkin Park
lastfm_artist_info_request	Fort Minor (Mike Shinoda Of Linkin Park Group)
lastfm_artist_info_request	Linkin Park ft. Busta Rhymes
lastfm_artist_info_request	Linkin Park Vs. Jay-Z
lastfm_artist_info_request	Linkin Park/Jay Z
lastfm_artist_info_request	Linkin Park And Jay-Z
lastfm_artist_info_request	Linkin Park & Jay Z
lastfm_artist_info_request	Linkin Park feat. Jay Z
lastfm_artist_info_request	Jay Z and Linkin Park
lastfm_artist_info_request	Jay Z ft. Linkin Park
lastfm_artist_info_request	Evanescence & Linkin Park
lastfm_artist_info_request	Linkin_Park
lastfm_artist_info_request	Linkin Park/Jay-Z
lastfm_artist_info_request	Jay Z/Linkin Park
lastfm_artist_info_request	Jay Z ft Linkin Park
lastfm_artist_info_request	Linkin Park f. Godsmack, Disturbed, Pantera, Limp Bizkit, Tool, Staind, Korn
lastfm_artist_info_request	Evanescence, Linkin Park, Godsmack, Disturbed, Pantera, Limp Bizkit, Tool, Staind, Korn
lastfm_artist_info_request	Creed, Nickelback, Incubus, Papa Roach, Staind, Pod, Linkin Park, Fuel, Christian Rock
lastfm_artist_info_request	Linkin Park feat Jay-Z
lastfm_artist_info_request	BSO - Linkin Park
lastfm_artist_info_request	Linkin Park & Britney Spears
lastfm_artist_info_request	Linkin Park vs. Britney Spears
lastfm_artist_info_request	Jay-Z ft. Linkin Park
lastfm_artist_info_request	Jay-Z ft Linkin Park
lastfm_artist_info_request	Papa roach, Limp bizkit, Linkin park, KoRn
lastfm_artist_info_request	Linkin Park ft Jay Z
lastfm_artist_info_request	Linkin Park vs Britney Spears
lastfm_artist_info_request	Jay-Z f. Linkin Park
lastfm_artist_info_request	Linkin Park Jay-Z
lastfm_artist_info_request	Evanescense & LINKIN PARK
lastfm_artist_info_request	Linkin Park vs. Moby
lastfm_artist_info_request	evanescence, linkin park, god
lastfm_artist_info_request	korn & metallica & eminem & limp bizkit & linkin park
lastfm_artist_info_request	Linkin Park (band)
lastfm_artist_info_request	Linkin Park vs Evanescence
lastfm_artist_info_request	Linkin Park vs. Genesis
lastfm_artist_info_request	Busta Ryhmes feat Linkin Park
lastfm_artist_info_request	Jay-Z / Linkin Park
lastfm_artist_info_request	Jay-Z feat. Linkin Park
lastfm_artist_info_request	Linkin Park ft. Jay-Z
lastfm_artist_info_request	Linkin Park feat Jay Z
lastfm_artist_info_request	Jay-Z; Linkin Park
lastfm_artist_info_request	Big Jaz; Jay-Z; Linkin Park
lastfm_artist_info_request	Linkin` Park
lastfm_artist_info_request	Linkin Park DJ Lethal Chester Bennington
lastfm_artist_info_request	Linkin Park & Depeche Mode
lastfm_artist_info_request	Just!ce - Linkin Park
lastfm_artist_info_request	Jay-Z Vs. linkin Park
lastfm_artist_info_request	Linkin_park_feat_jay_z
lastfm_artist_info_request	Linkin Park & Jay
lastfm_artist_info_request	Depeche Mode vs. Linkin Park
lastfm_artist_info_request	Linkin Park feat. Busta Rhymes
lastfm_artist_info_request	Busta Rymes ft Linkin Park
lastfm_artist_info_request	Linkin Park f. staind
lastfm_artist_info_request	LinkinPark/Jay-Z
lastfm_artist_info_request	Jay - Z/Linkin Park
lastfm_artist_info_request	Xero (Linkin Park)
lastfm_artist_info_request	Rihanna Feat. Linkin Park Feat. Ballboa /Rihanna Feat. Linkin Park Feat. Ballboa
lastfm_artist_info_request	Soundtrack - Matrix Reloaded - Linkin Park
lastfm_artist_info_request	Dream Theater + Linkin Park
lastfm_artist_info_request	linkin park vs david banner
lastfm_artist_info_request	Evanscence & Linkin Park -
lastfm_artist_info_request	Linkin Park or Fort minor
lastfm_artist_info_request	Linkin_Park_
lastfm_artist_info_request	Jay-Z feat Linkin Park
lastfm_artist_info_request	Linkin Park -
lastfm_artist_info_request	Limp Bizkit Disturbed Cypress Hill Crazytown Linkin Park.mp
lastfm_artist_info_request	Depeche Mode & Linkin Park
lastfm_artist_info_request	Linkin Park ft. Jay Z
lastfm_artist_info_request	X-Ecutioners Feat. Linkin Park
lastfm_artist_info_request	Jay Z Linkin Park
lastfm_artist_info_request	Linkin Park Tribute
lastfm_artist_info_request	Depeche Mode and Linkin Park
lastfm_artist_info_request	Bjork vs. Linkin Park
lastfm_artist_info_request	Linkin Park Feat. Britney Spears
lastfm_artist_info_request	Chester Bennington (Of Linkin Park)
lastfm_artist_info_request	Juelz Santana & Linkin Park
lastfm_artist_info_request	X-Ecutioners Featuring Mike Shinoda And Mr. Hahn OF Linkin Park
lastfm_artist_info_request	Evanescence ft. Linkin Park
lastfm_artist_info_request	Linkin Park vs. Justin Lassen
lastfm_artist_info_request	Linkin Park & Fort Minor
lastfm_artist_info_request	evanescence, linkin park
lastfm_artist_info_request	Linkin Park / Jay Z / Paul McCartney
lastfm_artist_info_request	Linkin Park [www.musikaki.blogspot.com]
lastfm_artist_info_request	Linkin Park .:: www.PersianOne.com ::.
lastfm_artist_info_request	Linkin Park Vs Jay-Z
lastfm_artist_info_request	akon-feat-Linkin Park
lastfm_artist_info_request	Paramore & Linkin Park
lastfm_artist_info_request	Linkin Park & Jay-Z vs. Will Smith
lastfm_artist_info_request	Jay-Z Linkin Park
lastfm_artist_info_request	Linkin Park vs. Jay Z
lastfm_artist_info_request	Jay-Z, Linkin Park
lastfm_artist_info_request	Jay Z feat. Linkin Park
lastfm_artist_info_request	Linkin Park, Jay-Z
lastfm_artist_info_request	Linkin Park ft. JayZ

lastfm_artist_info_request	Limp Bizkit
lastfm_artist_info_request	Korn
lastfm_artist_info_request	Katt Williams
lastfm_artist_info_request	Avenged Sevenfold
lastfm_artist_info_request	Eddie Izzard
lastfm_artist_info_request	Slash
lastfm_artist_info_request	Staind
